airline,dep,arr,equipment,dep_lat,dep_lon,dep_country,arr_lat,arr_lon,arr_country,distance_km,route_type,avg_seats,monthly_flights,passengers_per_month,ASK,yield_per_km,ticket_revenue,ancillary_revenue,total_revenue,RASK,CASK,total_cost,fuel_cost,labour_cost,other_cost,contribution_margin,margin_pct,profit_per_passenger,non_fuel_cost,fuel_cost_scenario,total_cost_scenario,contribution_margin_scenario,margin_pct_scenario,passengers_scenario_B,passenger_yield,ticket_revenue_B,ancillary_pp,ancillary_revenue_B,total_revenue_B,contribution_margin_B,margin_pct_B,ancillary_revenue_C,total_revenue_C,contribution_margin_C,margin_pct_C
LH,FRA,ABV,343,50.030241,8.561096,DE,9.00679,7.26317,NG,4563.179454747016,Long-haul,300,30,7542.0,41068615.092723146,0.065,2237007.46410063,263970.0,2500977.46410063,0.060897535951821576,0.065,2669459.981027005,686051.2151239403,747448.7946875615,1235959.971215503,-168482.51692637475,-0.06736666737097621,-22.339235869315136,1983408.7659030645,669585.9859609656,2652994.75186403,-152017.2877634,-0.06078314976663196,7542.0,0.065,490.23,35,263970.0,264460.23,-2404999.751027005,-9.093994023324433,278488.35,2515495.81410063,-153964.16692637466,-0.061206290252334115
LH,FRA,AGP,321,50.030241,8.561096,DE,36.6749,-4.49911,ES,1816.4697755473487,Medium-haul,250,60,12570.0,27247046.63321023,0.085,1940807.1316835647,351960.0,2292767.1316835647,0.08414736329217462,0.075,2043528.4974907672,525186.8238551272,572187.9792974149,946153.6943382252,249238.6341927976,0.10870647557206702,19.82805363506743,1518341.67363564,512582.34008260415,2030924.0137182442,261843.1179653206,0.11420397403073848,12570.0,0.085,1068.45,28,351960.0,353028.45,-1690500.0474907672,-4.788566041889165,371317.8,2312124.9316835646,268596.4341927974,0.11616865097216869
LH,FRA,ALA,333,50.030241,8.561096,DE,43.354267,77.042828,KZ,5090.140753200078,Long-haul,300,30,7542.0,45811266.778800696,0.065,2495339.701441274,263970.0,2759309.701441274,0.0602321196391398,0.065,2977732.3406220456,765277.2115398657,833765.0553741729,1378690.073708007,-218422.63918077154,-0.07915843555606772,-28.960837865390022,2212455.1290821796,746910.558462909,2959365.6875450886,-200055.98610381456,-0.07250218632555781,7542.0,0.065,490.23,35,263970.0,264460.23,-2713272.1106220456,-10.259660254481537,278488.35,2773828.051441274,-203904.28918077145,-0.07351006817990152
LH,FRA,ALC,321,50.030241,8.561096,DE,38.2822,-0.558156,ES,1492.672670234146,Short-haul,180,120,18100.8,32241729.677057553,0.11,2972042.641631165,398217.6,3370260.241631165,0.10453099989946761,0.085,2740547.0225498923,704320.5847953224,767353.1663139699,1268873.2714406,629713.2190812728,0.18684409331443771,34.789247938283,2036226.43775457,687416.8907602347,2723643.3285148046,646616.9131163605,0.19185963894687427,18100.8,0.11,1991.088,22,398217.6,400208.68799999997,-2340338.334549892,-5.847794924806561,420119.56799999997,3392162.209631165,651615.1870812727,0.19209434773820083
LH,FRA,ALG,319 320 321,50.030241,8.561096,DE,36.693886,3.214531,DZ,1543.6130524525447,Medium-haul,250,60,12570.0,23154195.78678817,0.085,1649273.3658929216,351960.0,2001233.3658929216,0.08643070069550113,0.075,1736564.6840091127,446297.12379034195,486238.11152255157,804029.4486962191,264668.6818838089,0.13225278290606432,21.055583284312565,1290267.5602187708,435585.9928193737,1725853.5530381445,275379.8128547771,0.1376050477410997,12570.0,0.085,1068.45,28,351960.0,353028.45,-1383536.2340091127,-3.919050246542772,371317.8,2020591.1658929216,284026.48188380897,0.14056603170305088
LH,FRA,AMM,320 321,50.030241,8.561096,DE,31.7226009369,35.9931983948,JO,3044.967757522949,Medium-haul,250,60,12570.0,45674516.362844236,0.085,3253395.800525395,351960.0,3605355.800525395,0.07893582872085574,0.075,3425588.7272133175,880376.3028938227,959164.843619729,1586047.5806997658,179767.07331207767,0.04986111864074022,14.301278704222568,2545212.424319495,859247.271624371,3404459.695943866,200896.10458152927,0.0557215752609641,12570.0,0.085,1068.45,28,351960.0,353028.45,-3072560.2772133173,-8.703435310138085,371317.8,3624713.600525395,199124.87331207749,0.054935339797112445
LH,FRA,AMS,CR9 CRK 319 320 321,50.030241,8.561096,DE,52.308601,4.76389,NL,366.3404984824561,Short-haul,180,120,18100.8,7912954.767221051,0.11,729416.1704424365,398217.6,1127633.7704424364,0.14250476637546228,0.085,672601.1552137894,172858.4968899439,188328.32345986107,311414.3348639845,455032.615228647,0.40352872284953933,25.138812385565668,499742.65832384554,168709.89296458525,668452.5512884308,459181.21915400564,0.40720775768700335,18100.8,0.11,1991.088,22,398217.6,400208.68799999997,-272392.46721378947,-0.6806260718002941,420119.56799999997,1149535.7384424363,476934.5832286469,0.4148932193050992
LH,FRA,ARN,319 320 321,50.030241,8.561096,DE,59.64849,17.928829,SE,1223.583669149512,Short-haul,180,120,18100.8,26429407.253629457,0.11,2436262.760639563,398217.6,2834480.3606395633,0.10724721646000268,0.085,2246499.616558504,577350.4014555356,629019.8926363811,1040129.3224665872,587980.7440810595,0.2074386375174564,32.48368823925238,1669149.2151029683,563493.9918206027,2232643.206923571,601837.1537159923,0.21232715600124874,18100.8,0.11,1991.088,22,398217.6,400208.68799999997,-1846290.9285585037,-4.613320459845949,420119.56799999997,2856382.328639563,609882.7120810593,0.21351578392222237
LH,FRA,ATH,320 321,50.030241,8.561096,DE,37.936401,23.9445,GR,1815.9109842605224,Medium-haul,250,60,12570.0,27238664.763907835,0.085,1940210.0911331554,351960.0,2292170.0911331554,0.08415133821722272,0.075,2042899.8572930875,525025.2633243235,572011.9600420645,945862.6339266994,249270.23384006787,0.10874857620921091,19.83056752904279,1517874.593968764,512424.6570045397,2030299.2509733036,261870.84015985182,0.11424581499115258,12570.0,0.085,1068.45,28,351960.0,353028.45,-1689871.4072930876,-4.786785334986706,371317.8,2311527.891133155,268628.0338400677,0.11621232643157989
LH,FRA,ATL,333,50.030241,8.561096,DE,33.6367,-84.428101,US,7409.183567459053,Long-haul,300,30,7542.0,66682652.10713147,0.065,3632204.0602754517,263970.0,3896174.0602754517,0.05842860080033874,0.065,4334372.386963546,1113933.7034496313,1213624.268349793,2006814.415164122,-438198.32668809453,-0.11246887841995303,-58.101077524276654,3220438.6835139147,1087199.2945668402,4307637.978080755,-411463.91780530335,-0.10560717037785876,7542.0,0.065,490.23,35,263970.0,264460.23,-4069912.1569635463,-15.38950547295352,278488.35,3910692.410275452,-423679.97668809444,-0.10833886489637069
LH,FRA,AUS,333,50.030241,8.561096,DE,30.197535,-97.662015,US,8526.592267882155,Long-haul,300,30,7542.0,76739330.4109394,0.065,4179991.327483869,263970.0,4443961.327483869,0.05790982673013225,0.065,4988056.476711061,1281930.5145147427,1396655.813479097,2309470.148717221,-544095.1492271917,-0.12243471739103848,-72.1420245594261,3706125.962196318,1251164.1821663887,4957290.144362707,-513328.81687883753,-0.11551154005417047,7542.0,0.065,490.23,35,263970.0,264460.23,-4723596.24671106,-17.861272550171574,278488.35,4458479.677483869,-529576.7992271921,-0.11877968220908373
LH,FRA,BCN,319 320 321,50.030241,8.561096,DE,41.2971,2.07846,ES,1092.9802325939538,Short-haul,180,120,18100.8,23608373.024029404,0.11,2176219.82535503,398217.6,2574437.42535503,0.10904764266197761,0.085,2006711.7070424994,515724.9087099224,561879.2779719,929107.5203606772,567725.7183125308,0.22052418626342726,31.364675501222642,1490986.798332577,503347.5109008842,1994334.3092334613,580103.116121569,0.22533199308255444,18100.8,0.11,1991.088,22,398217.6,400208.68799999997,-1606503.0190424994,-4.014163278340673,420119.56799999997,2596339.39335503,589627.6863125307,0.22709961872534876
LH,FRA,BER,319 320 321,50.030241,8.561096,DE,52.362247,13.500672,DE,430.7816636273837,Short-haul,180,120,18100.8,9304883.934351487,0.11,857724.2010685202,398217.6,1255941.8010685202,0.13497662194709087,0.085,790915.1344198765,203265.18954590827,221456.23763756544,366193.7072364028,465026.6666486437,0.37026131804277235,25.690945518907654,587649.9448739683,198386.82499680648,786036.7698707747,469905.03119774547,0.37414554623308455,18100.8,0.11,1991.088,22,398217.6,400208.68799999997,-390706.44641987653,-0.9762567833606765,420119.56799999997,1277843.76906852,486928.63464864355,0.38105490392114877
LH,FRA,BEG,319 320 321,50.030241,8.561096,DE,44.818401,20.309099,RS,1055.0033161478868,Short-haul,180,120,18100.8,22788071.628794357,0.11,2100604.4427422634,398217.6,2498822.0427422635,0.109654826588522,0.085,1936986.0884475205,497805.4247310128,542356.1047653058,896824.558951202,561835.954294743,0.22484032263384854,31.039288556016476,1439180.6637165078,485858.09453746845,1925038.7582539762,573783.2844882873,0.22962150752384294,18100.8,0.11,1991.088,22,398217.6,400208.68799999997,-1536777.4004475204,-3.839940127555453,420119.56799999997,2520724.0107422634,583737.9222947429,0.23157549966085056
LH,FRA,BGO,319 320,50.030241,8.561096,DE,60.2934,5.21814,NO,1160.4211460753393,Short-haul,180,120,18100.8,25065096.755227327,0.11,2310500.618896855,398217.6,2708718.218896855,0.1080673354405445,0.085,2130533.224194323,547547.0386179411,596549.3027744106,986436.8828019715,578184.994702532,0.21345335615529692,31.94251053558583,1582986.185576382,534405.9096911105,2117392.0952674923,591326.1236293628,0.21830477585453115,18100.8,0.11,1991.088,22,398217.6,400208.68799999997,-1730324.536194323,-4.323555655029466,420119.56799999997,2730620.186896855,600086.9627025318,0.21976214985229625
LH,FRA,BHX,319 320 321,50.030241,8.561096,DE,52.453899,-1.74803,GB,765.7339420202782,Short-haul,180,120,18100.8,16539853.147638008,0.11,1524643.6631492716,398217.6,1922861.2631492717,0.11625624762115062,0.085,1405887.5175492307,361313.0920101523,393648.5049137846,650925.9206252937,516973.745600041,0.26885649812994766,28.560823035448212,1044574.4255390784,352641.57780190866,1397216.003340987,525645.2598082847,0.2733661912494822,18100.8,0.11,1991.088,22,398217.6,400208.68799999997,-1005678.8295492308,-2.512886050962569,420119.56799999997,1944763.2311492716,538875.7136000409,0.27709065297454666
LH,FRA,BIO,320 321,50.030241,8.561096,DE,43.301102,-2.91061,ES,1149.330416373197,Short-haul,180,120,18100.8,24825536.993661057,0.11,2288418.000075676,398217.6,2686635.600075676,0.10822064395874621,0.085,2110170.64446119,542313.8556265258,590847.7804491332,977009.0083855308,576464.9556144862,0.2145676010539906,31.847484951741706,1567856.788834664,529298.3230914891,2097155.1119261533,589480.4881495228,0.21941214809068954,18100.8,0.11,1991.088,22,398217.6,400208.68799999997,-1709961.9564611898,-4.272675750760288,420119.56799999997,2708537.568075676,598366.9236144861,0.2209188200552099
LH,FRA,BLL,CRK,50.030241,8.561096,DE,55.740335,9.157019,DK,636.1847233893096,Short-haul,180,120,18100.8,13741590.025209088,0.11,1266699.7685237739,398217.6,1664917.3685237737,0.12115900455984102,0.085,1168035.1521427725,300185.03410069254,327049.84259997634,540800.2754421036,496882.2163810013,0.29844256884746784,27.450842856724638,867850.11804208,292980.5932822759,1160830.7113243558,504086.65719941794,0.30276977508281666,18100.8,0.11,1991.088,22,398217.6,400208.68799999997,-767826.4641427725,-1.918565206517387,420119.56799999997,1686819.3365237738,518784.1843810014,0.30755171769024225
LH,FRA,BLQ,319 320 321,50.030241,8.561096,DE,44.5354,11.2887,IT,644.5936953407055,Short-haul,180,120,18100.8,13923223.81935924,0.11,1283442.7716685347,398217.6,1681660.3716685348,0.12078096233217965,0.085,1183474.0246455355,304152.8243339026,331372.72690074996,547948.4734108829,498186.3470229993,0.2962467067762924,27.52289108895736,879321.2003116328,296853.15654988895,1176174.3568615217,505486.0148070131,0.3005874570888963,18100.8,0.11,1991.088,22,398217.6,400208.68799999997,-783265.3366455355,-1.9571422613532459,420119.56799999997,1703562.3396685347,520088.3150229992,0.3052945600594773
LH,FRA,BLR,744,50.030241,8.561096,DE,13.1979,77.706299,IN,7402.264926651879,Long-haul,300,30,7542.0,66620384.339866914,0.065,3628812.334992551,263970.0,3892782.334992551,0.05843230076748499,0.065,4330324.98209135,1112893.5203974769,1212490.9949855779,2004940.4667082948,-437542.64709879877,-0.11239843624589302,-58.014140426783186,3217431.4616938727,1086184.0759079375,4303615.53760181,-410833.20260925917,-0.10553716269112831,7542.0,0.065,490.23,35,263970.0,264460.23,-4065864.7520913496,-15.37420107398133,278488.35,3907300.684992551,-423024.2970987987,-0.10826509941340877
LH,FRA,BOG,789,50.030241,8.561096,DE,4.70159,-74.1469,CO,9086.41397530805,Long-haul,300,30,7542.0,81777725.77777246,0.065,4454432.723115265,263970.0,4718402.723115265,0.05769789607426021,0.065,5315552.17555521,1366096.909117689,1488354.6091554589,2461100.657282062,-597149.4524399443,-0.12655754234680586,-79.17653837708092,3949455.2664375207,1333310.5832988643,5282765.849736385,-564363.1266211197,-0.11960893542561074,7542.0,0.065,490.23,35,263970.0,264460.23,-5051091.94555521,-19.099627741967897,278488.35,4732921.073115265,-582631.1024399446,-0.12310179980593886
LH,FRA,BOM,343,50.030241,8.561096,DE,19.0886993408,72.8678970337,IN,6569.520080601761,Long-haul,300,30,7542.0,59125680.72541585,0.065,3220575.8291134015,263970.0,3484545.8291134015,0.058934557477585706,0.065,3843169.2471520305,987694.4965180719,1076087.3892025687,1779387.36143139,-358623.418038629,-0.10291826700694483,-47.55017475982883,2855474.7506339587,963989.8286016381,3819464.5792355966,-334918.7501221951,-0.09611546713604595,7542.0,0.065,490.23,35,263970.0,264460.23,-3578709.0171520305,-13.532125481218975,278488.35,3499064.1791134016,-344105.0680386289,-0.09834202816074633
LH,FRA,BOS,343 346 74H,50.030241,8.561096,DE,42.36197,-71.0079,US,5889.172971848069,Long-haul,300,30,7542.0,53002556.74663262,0.065,2887049.265989079,263970.0,3151019.265989079,0.059450325784317394,0.065,3445166.1885311203,885407.7104524979,964646.5327887138,1595111.9452899087,-294146.92254204117,-0.09334976961802575,-39.00118304720779,2559758.4780786224,864157.9254016379,3423916.40348026,-272897.137491181,-0.08660598823902171,7542.0,0.065,490.23,35,263970.0,264460.23,-3180705.9585311203,-12.027161734417007,278488.35,3165537.6159890792,-279628.5725420411,-0.08833525500680886
LH,FRA,BRE,CR9 319 320,50.030241,8.561096,DE,53.046786,8.78932,DE,335.7951929808509,Short-haul,180,120,18100.8,7253176.16838638,0.11,668597.7792018565,398217.6,1066815.3792018564,0.14708251315494955,0.085,616519.9743128424,158445.6333984005,172625.59280759588,285448.748106846,450295.4048890141,0.4220930947076381,24.87709962482399,458074.34091444185,154642.9381968389,612717.2791112808,454098.10009057564,0.42565762449948136,18100.8,0.11,1991.088,22,398217.6,400208.68799999997,-216311.2863128424,-0.5404962280899869,420119.56799999997,1088717.3472018563,472197.37288901396,0.4337189759147514
LH,FRA,BRU,319 320,50.030241,8.561096,DE,50.901402,4.48444,BE,304.32258093811373,Short-haul,180,120,18100.8,6573367.748263257,0.11,605933.039034907,398217.6,1004150.639034907,0.15276045361986826,0.085,558736.2586023769,143595.21846081087,156446.15240866554,258694.8877329005,445414.3804325301,0.4435732679118937,24.60744168393276,415141.040141566,140148.93321775142,555289.9733593174,448860.6656755896,0.4470053079954132,18100.8,0.11,1991.088,22,398217.6,400208.68799999997,-158527.57060237695,-0.39611226681410017,420119.56799999997,1026052.607034907,467316.34843253007,0.45545067107522264
LH,FRA,BSL,CR9 CRK,50.030241,8.561096,DE,47.60068,7.521117,FR,280.67373084867745,Short-haul,180,120,18100.8,6062552.586331433,0.11,558846.0974080315,398217.6,957063.6974080314,0.15786480756733018,0.085,515316.9698381718,132436.46124841017,144288.75155468812,238591.75703507353,441746.72756985965,0.4615646051210809,24.404817884837115,382880.5085897616,129257.98617844832,512138.49476820993,444925.2026398215,0.46488567463669406,18100.8,0.11,1991.088,22,398217.6,400208.68799999997,-115108.28183817182,-0.28762064715139773,420119.56799999997,978965.6654080314,463648.69556985964,0.47361078325112815
LH,FRA,BUD,319 320 321,50.030241,8.561096,DE,47.43018,19.262393,HU,835.5238763048247,Short-haul,180,120,18100.8,18047315.728184216,0.11,1663601.5638240208,398217.6,2061819.163824021,0.11424519828198659,0.085,1534021.8368956584,394243.61208218423,429526.1143307844,710252.1104826898,527797.3269283625,0.2559862359361651,29.158784524902906,1139778.224813474,384781.7653922118,1524559.9902056858,537259.173618335,0.2605753128329109,18100.8,0.11,1991.088,22,398217.6,400208.68799999997,-1133813.1488956586,-2.8330548108832128,420119.56799999997,2083721.1318240208,549699.2949283624,0.2638065557492205
LH,FRA,BZG,CR9,50.030241,8.561096,DE,53.096802,17.977699,PL,734.0237515239212,Short-haul,180,120,18100.8,15854913.032916699,0.11,1461505.8833742612,398217.6,1859723.4833742613,0.11729635347183882,0.085,1347667.6077979195,346350.5752040653,377346.9301834175,623970.1024104367,512055.87557634176,0.2753397911862001,28.28912951783025,1001317.0325938542,338038.16139916773,1339355.193993022,520368.28938123933,0.2798094953541636,18100.8,0.11,1991.088,22,398217.6,400208.68799999997,-947458.9197979196,-2.367412173215789,420119.56799999997,1881625.4513742612,533957.8435763416,0.2837747773800365
LH,FRA,CAI,320 321,50.030241,8.561096,DE,30.111534,31.396694,EG,2922.463847239341,Medium-haul,250,60,12570.0,43836957.70859011,0.085,3122506.4975828743,351960.0,3474466.4975828743,0.0792588418356877,0.075,3287771.8281442584,844957.3598330744,920576.1118803924,1522238.3564307916,186694.6694386159,0.053733334187707996,14.852400114448361,2442814.468311184,824678.3831970806,3267492.8515082644,206973.64607460983,0.05956990698243825,12570.0,0.085,1068.45,28,351960.0,353028.45,-2934743.378144258,-8.31305062848124,371317.8,3493824.297582874,206052.46943861572,0.058976196822824956
LH,FRA,CDG,319 320 321,50.030241,8.561096,DE,49.012798,2.55,FR,448.26933636944005,Short-haul,180,120,18100.8,9682617.665579906,0.11,892543.6964131556,398217.6,1290761.2964131557,0.13330706023863748,0.085,823022.5015742921,211516.78290459307,230446.3004408018,381059.4182288972,467738.79483886366,0.36237435700825865,25.840780232855103,611505.718669699,206440.38011488284,817946.0987845819,472815.19762857386,0.3663072319742317,18100.8,0.11,1991.088,22,398217.6,400208.68799999997,-422813.8135742921,-1.0564833454447449,420119.56799999997,1312663.2644131556,489640.76283886353,0.37301322899271067
LH,FRA,CMN,320,50.030241,8.561096,DE,33.3675,-7.58997,MA,2276.5385485628667,Medium-haul,250,60,12570.0,34148078.228443004,0.085,2432367.612211995,351960.0,2784327.612211995,0.08153687576751657,0.075,2561105.8671332253,658204.2078532389,717109.6427973032,1185792.0164826831,223221.7450787695,0.08017079028334317,17.758293164579914,1902901.6592799863,642407.3068647612,2545308.9661447476,239018.64606724726,0.08584429684887553,12570.0,0.085,1068.45,28,351960.0,353028.45,-2208077.417133225,-6.254672724346225,371317.8,2803685.4122119946,242579.54507876933,0.086521670377913
LH,FRA,CPH,319 320 321,50.030241,8.561096,DE,55.617900848389,12.656000137329,DK,679.2252356555007,Short-haul,180,120,18100.8,14671265.090158815,0.11,1352397.2160108394,398217.6,1750614.8160108393,0.11932268998295968,0.085,1247057.5326634992,320493.7858945193,349176.1091457798,577387.6376232001,503557.28334734007,0.2876459622881554,27.81961478759724,926563.7467689799,312801.93503305083,1239365.6818020307,511249.13420880865,0.29203976199276216,18100.8,0.11,1991.088,22,398217.6,400208.68799999997,-846848.8446634993,-2.1160181426733526,420119.56799999997,1772516.7840108394,525459.2513473402,0.2964481104423364
LH,FRA,CPT,789,50.030241,8.561096,DE,-33.9648017883,18.6016998291,ZA,9392.073753226965,Long-haul,300,30,7542.0,84528663.77904269,0.065,4604276.316044454,263970.0,4868246.316044454,0.0575928460051139,0.065,5494363.145637775,1412051.3284289083,1538421.680778577,2543890.1364302896,-626116.8295933204,-0.12861239734928873,-83.01734680367547,4082311.8172088666,1378162.0965466143,5460473.913755481,-592227.5977110267,-0.12165111608243832,7542.0,0.065,490.23,35,263970.0,264460.23,-5229902.915637774,-19.775763318506435,278488.35,4882764.666044454,-611598.4795933207,-0.1252565956836865
LH,FRA,CTA,321,50.030241,8.561096,DE,37.466801,15.0664,IT,1490.09283775482,Short-haul,180,120,18100.8,32186005.29550411,0.11,2966905.968139569,398217.6,3365123.568139569,0.10455238347362183,0.085,2735810.4501178497,703103.2856802874,766026.926032998,1266680.2384045643,629313.1180217192,0.18701040401010866,34.76714388434319,2032707.1644375622,686228.8068239605,2718935.9712615227,646187.5968780462,0.19202492383817432,18100.8,0.11,1991.088,22,398217.6,400208.68799999997,-2335601.7621178497,-5.835959668416418,420119.56799999997,3387025.536139569,651215.086021719,0.1922675453944037
LH,FRA,DEL,346,50.030241,8.561096,DE,28.55563,77.09519,IN,6121.583323203128,Long-haul,300,30,7542.0,55094249.908828154,0.065,3000983.7925338694,263970.0,3264953.7925338694,0.059261244103274414,0.065,3581126.24407383,920349.4447269744,1002715.3483406726,1658061.4510061832,-316172.4515399607,-0.096838262232981,-41.92156610182454,2660776.799346856,898261.0580535269,3559037.857400383,-294084.0648665135,-0.09007296383152803,7542.0,0.065,490.23,35,263970.0,264460.23,-3316666.01407383,-12.541265709682815,278488.35,3279472.1425338695,-301654.1015399606,-0.09198251682872625
LH,FRA,DEN,359,50.030241,8.561096,DE,39.861698150635,-104.672996521,US,8088.473209098002,Long-haul,300,30,7542.0,72796258.88188203,0.065,3965212.221296114,263970.0,4229182.221296114,0.058096147882521175,0.065,4731756.827322332,1216061.5046218394,1324891.9116502532,2190803.4110502396,-502574.6060262183,-0.11883493775593208,-66.63678149379717,3515695.3227004926,1186876.028510915,4702571.351211408,-473389.12991529424,-0.11193396385985352,7542.0,0.065,490.23,35,263970.0,264460.23,-4467296.597322332,-16.892130046632463,278488.35,4243700.571296114,-488056.25602621865,-0.11500723197281476
LH,FRA,DFW,333 343,50.030241,8.561096,DE,32.896801,-97.038002,US,8257.794856931183,Long-haul,300,30,7542.0,74320153.71238065,0.065,4048218.7727133743,263970.0,4312188.772713374,0.05802179566799021,0.065,4830809.991304742,1241518.1677653189,1352626.797565328,2236665.0259740953,-518621.2185913678,-0.12026867234409915,-68.7644150876913,3589291.8235394233,1211721.7317389513,4801013.555278375,-488824.78256500047,-0.11335885517308081,7542.0,0.065,490.23,35,263970.0,264460.23,-4566349.761304742,-17.266678476777933,278488.35,4326707.122713374,-504102.8685913682,-0.11650958900015264
LH,FRA,DRS,CR9 319,50.030241,8.561096,DE,51.134123,13.767831,DE,387.47381487101404,Short-haul,180,120,18100.8,8369434.401213903,0.11,771494.4631038975,398217.6,1169712.0631038975,0.1397599893887982,0.085,711401.9241031818,182830.29449451773,199192.53874889092,329379.09085977316,458310.1390007157,0.39181449303392124,25.319883043882907,528571.6296086641,178442.3674266493,707013.9970353134,462698.0660685841,0.395565781240888,18100.8,0.11,1991.088,22,398217.6,400208.68799999997,-311193.23610318184,-0.7775774125702685,420119.56799999997,1191614.0311038974,480212.10700071556,0.40299299476681444
LH,FRA,DTW,343,50.030241,8.561096,DE,42.21377,-83.353786,US,6678.799012018053,Long-haul,300,30,7542.0,60109191.10816248,0.065,3274147.63966161,263970.0,3538117.63966161,0.05886150810605659,0.065,3907097.422030561,1004124.0374618543,1093987.2781685572,1808986.1064001496,-368979.782368951,-0.10428703054775779,-48.923333647434504,2902973.384568707,980025.0605627698,3882998.445131477,-344880.80546986684,-0.0974757881433393,7542.0,0.065,490.23,35,263970.0,264460.23,-3642637.192030561,-13.773856250637616,278488.35,3552635.98966161,-354461.4323689509,-0.0997742052381543
LH,FRA,DUB,319 320 321,50.030241,8.561096,DE,53.428713,-6.262121,IE,1086.1247754152973,Short-haul,180,120,18100.8,23460295.14897042,0.11,2162570.0068320935,398217.6,2560787.6068320936,0.10915410870031089,0.085,1994125.087662486,512490.14752925886,558355.0245454961,923279.9155877309,566662.5191696077,0.22128446641094773,31.30593781322415,1481634.940133227,500190.3839885566,1981825.3241217837,578962.2827103098,0.22608758382212502,18100.8,0.11,1991.088,22,398217.6,400208.68799999997,-1593916.3996624858,-3.9827131380578273,420119.56799999997,2582689.5748320934,588564.4871696075,0.2278882034082131
LH,FRA,DUS,CR9 CRK 319 320,50.030241,8.561096,DE,51.289501,6.76678,DE,188.67776376004844,Short-haul,180,120,18100.8,4075439.6972170463,0.11,375674.0312894673,398217.6,773891.6312894672,0.18989156723823608,0.085,346412.37426344893,89027.98018570637,96995.46479376571,160388.92928397685,427479.2570260183,0.5523761205606363,23.616594682335492,257384.39407774256,86891.30866124942,344275.702738992,429615.9285504752,0.5551370646490184,18100.8,0.11,1991.088,22,398217.6,400208.68799999997,53796.313736551034,0.1344206543975653,420119.56799999997,795793.5992894673,449381.2250260184,0.5646957017840469
LH,FRA,DXB,333 343,50.030241,8.561096,DE,25.2527999878,55.3643989563,AE,4843.753035040425,Long-haul,300,30,7542.0,43593777.315363824,0.065,2374553.0503678676,263970.0,2638523.0503678676,0.060525222012316165,0.065,2833595.5254986486,728234.0500531527,793406.7471396216,1311954.7283058742,-195072.47513078107,-0.0739324506198965,-25.86482035677288,2105361.475445496,710756.4328518771,2816117.908297373,-177594.8579295054,-0.06730843526447298,7542.0,0.065,490.23,35,263970.0,264460.23,-2569135.2954986487,-9.714637605429932,278488.35,2653041.4003678677,-180554.12513078097,-0.06805552491783413
LH,FRA,EDI,320 321,50.030241,8.561096,DE,55.950145,-3.372288,GB,1032.6064474401146,Short-haul,180,120,18100.8,22304299.264706474,0.11,2056010.306220643,398217.6,2454227.906220643,0.11003384939800039,0.085,1895865.4375000505,487237.417437513,530842.3225000142,877785.6975625233,558362.4687205923,0.22751043915087557,30.84739175730312,1408628.0200625376,475543.71941901266,1884171.7394815502,570056.1667390927,0.232275154762193,18100.8,0.11,1991.088,22,398217.6,400208.68799999997,-1495656.7495000507,-3.737192105884645,420119.56799999997,2476129.874220643,580264.4367205927,0.23434329627125464
LH,FRA,EVN,320 321,50.030241,8.561096,DE,40.1473007202,44.3959007263,AM,2985.2959603668237,Medium-haul,250,60,12570.0,44779439.40550236,0.085,3189639.468853933,351960.0,3541599.468853933,0.07908985721734497,0.075,3358457.9554126766,863123.6945410579,940368.2275155495,1554966.0333560691,183141.51344125625,0.05171152612029308,14.569730584029932,2495334.2608716185,842408.7258720725,3337742.986743691,203856.4821102419,0.057560569427183184,12570.0,0.085,1068.45,28,351960.0,353028.45,-3005429.5054126764,-8.513278477733667,371317.8,3560957.2688539326,202499.31344125606,0.05686653844808111
LH,FRA,EWR,74H,50.030241,8.561096,DE,40.692501,-74.168701,US,6210.560993140003,Long-haul,300,30,7542.0,55895048.93826003,0.065,3044603.315667024,263970.0,3308573.315667024,0.05919260074933602,0.065,3633178.1809869017,933726.7925136337,1017289.8906763326,1682161.4977969355,-324604.86531987786,-0.09811022285127631,-43.0396267992413,2699451.388473268,911317.3494933065,3610768.7379665747,-302195.42229955085,-0.09133707899672969,7542.0,0.065,490.23,35,263970.0,264460.23,-3368717.9509869018,-12.73808901620823,278488.35,3323091.665667024,-310086.51531987777,-0.09331265776492988
LH,FRA,EZE,74H,50.030241,8.561096,DE,-34.8222,-58.5358,AR,11501.815719897075,Long-haul,300,30,7542.0,103516341.47907367,0.065,5638535.120365143,263970.0,5902505.120365143,0.057020032161379686,0.065,6728562.196139789,1729240.484407926,1883997.4149191412,3115324.296812722,-826057.0757746464,-0.13995025144909057,-109.52758893856355,4999321.711731863,1687738.7127821357,6687060.424513999,-784555.3041488566,-0.13291903829815266,7542.0,0.065,490.23,35,263970.0,264460.23,-6464101.96613979,-24.442624004901568,278488.35,5917023.470365142,-811538.7257746467,-0.13715320377537157
LH,FRA,FAO,321,50.030241,8.561096,DE,37.0144004822,-7.96590995789,PT,1958.594848469797,Medium-haul,250,60,12570.0,29378922.727046955,0.085,2092660.6658475546,351960.0,2444620.665847555,0.08321001721404091,0.075,2203419.2045285217,566278.7355638301,616957.3772679862,1020183.0916967056,241201.46131903306,0.09866621218118846,19.18866040724209,1637140.4689646917,552688.0459102982,2189828.51487499,254792.1509725647,0.10422563898445478,12570.0,0.085,1068.45,28,351960.0,353028.45,-1850390.7545285218,-5.241477718094736,371317.8,2463978.4658475546,260559.26131903287,0.1057473776376557
LH,FRA,FCO,319 320 321,50.030241,8.561096,DE,41.804532,12.251998,IT,957.8705474058432,Short-haul,180,120,18100.8,20690003.823966213,0.11,1907204.5524932058,398217.6,2305422.152493206,0.11142685966170417,0.085,1758650.3250371283,451973.133534542,492422.09101039596,814255.1004921903,546771.8274560776,0.2371677685428543,30.207053138871075,1306677.1915025862,441125.778329713,1747802.9698322993,557619.1826609066,0.24187291774648195,18100.8,0.11,1991.088,22,398217.6,400208.68799999997,-1358441.6370371282,-3.3943332010751557,420119.56799999997,2327324.1204932057,568673.7954560774,0.24434662557253276
LH,FRA,GDN,CRK,50.030241,8.561096,DE,54.377602,18.4662,PL,829.0237575563467,Short-haul,180,120,18100.8,17906913.16321709,0.11,1650659.2553853514,398217.6,2048876.8553853515,0.11441820467382317,0.085,1522087.6188734528,391176.5180504774,426184.53328456683,704726.5675384086,526789.2365118987,0.2571112241944968,29.103091383358677,1130911.1008229754,381788.2816172659,1512699.3824402413,536177.4729451102,0.2616933621636652,18100.8,0.11,1991.088,22,398217.6,400208.68799999997,-1121878.9308734527,-2.8032348235115094,420119.56799999997,2070778.8233853513,548691.2045118986,0.26496852214032546
LH,FRA,GIG,789,50.030241,8.561096,DE,-22.809999,-43.250557,BR,9567.693858444907,Long-haul,300,30,7542.0,86109244.72600417,0.065,4690370.560225448,263970.0,4954340.560225448,0.057535524507153,0.065,5597100.907190271,1438454.9331478996,1567188.254013276,2591457.720029095,-642760.3469648231,-0.12973681141846538,-85.22412449812028,4158645.974042371,1403932.01475235,5562577.988794721,-608237.4285692731,-0.12276859476563622,7542.0,0.065,490.23,35,263970.0,264460.23,-5332640.67719027,-20.16424426912988,278488.35,4968858.910225447,-628241.9969648235,-0.12643586954581465
LH,FRA,GLA,320 321,50.030241,8.561096,DE,55.871899,-4.43306,GB,1083.3226074537208,Short-haul,180,120,18100.8,23399768.32100037,0.11,2156990.643829814,398217.6,2555208.2438298143,0.10919801464600892,0.085,1988980.3072850318,511167.9389722532,556914.486039809,920897.8822729697,566227.9365447825,0.2215975695570334,31.281928784627336,1477812.3683127786,498899.9084369191,1976712.2767496977,578495.9670801165,0.2263987557480056,18100.8,0.11,1991.088,22,398217.6,400208.68799999997,-1588771.6192850317,-3.9698578939521467,420119.56799999997,2577110.211829814,588129.9045447824,0.22821294248304386
LH,FRA,GOT,CR9 319 320 321,50.030241,8.561096,DE,57.6628,12.2798,SE,882.7271002457887,Short-haul,180,120,18100.8,19066905.365309037,0.11,1757587.3365741868,398217.6,2155804.9365741867,0.11306527699542318,0.085,1620686.9560512684,416516.547705176,453792.3476943552,750378.0606517373,535117.9805229183,0.2482218921779074,29.563222648883933,1204170.4083460923,406520.1505602518,1610690.5589063442,545114.3776678424,0.25285885954695403,18100.8,0.11,1991.088,22,398217.6,400208.68799999997,-1220478.2680512685,-3.049604630400399,420119.56799999997,2177706.9045741865,557019.9485229182,0.25578279030705187
LH,FRA,GRU,74H,50.030241,8.561096,DE,-23.431944,-46.467778,BR,9796.83283246997,Long-haul,300,30,7542.0,88171495.49222973,0.065,4802701.359461755,263970.0,5066671.359461755,0.05746382468819829,0.065,5731147.206994933,1472904.8321976978,1604721.2179585814,2653521.1568386536,-664475.8475331785,-0.13114642738615823,-88.10340062757604,4258242.374797235,1437555.116224953,5695797.491022188,-629126.1315604337,-0.12416951622204037,7542.0,0.065,490.23,35,263970.0,264460.23,-5466686.976994934,-20.67111178491728,278488.35,5081189.709461754,-649957.4975331789,-0.12791443238635314
LH,FRA,GYD,319 320,50.030241,8.561096,DE,40.46749877929688,50.04669952392578,AZ,3367.9106825945537,Medium-haul,250,60,12570.0,50518660.238918304,0.085,3598444.1688181516,351960.0,3950404.1688181516,0.07819693060218687,0.075,3788899.5179188726,973747.1761051503,1060891.8650172844,1754260.476796438,161504.65089927893,0.040883070186612455,12.848420914819327,2815152.341813722,950377.2438786266,3765529.585692349,184874.5831258027,0.04679890340970147,12570.0,0.085,1068.45,28,351960.0,353028.45,-3435871.0679188725,-9.73256140664831,371317.8,3969761.9688181514,180862.45089927875,0.04556002408202923
LH,FRA,HAJ,CRK 319 320 321,50.030241,8.561096,DE,52.461102,9.68508,DE,281.3846947543784,Short-haul,180,120,18100.8,6077909.406694573,0.11,560261.6891091058,398217.6,958479.2891091058,0.15769884428573078,0.085,516622.2995690388,132771.93098924297,144654.24387933087,239196.12470046495,441856.98954006704,0.4609979522361588,24.410909437155652,383850.3685797958,129585.40464550114,513435.773225297,445043.51588380884,0.4643225168667662,18100.8,0.11,1991.088,22,398217.6,400208.68799999997,-116413.61156903883,-0.2908822698247841,420119.56799999997,980381.2571091058,463758.95754006703,0.47303939582400206
LH,FRA,HAM,319 320 321,50.030241,8.561096,DE,53.630402,9.98823,DE,412.1341427443326,Short-haul,180,120,18100.8,8902097.483277585,0.11,820595.3460085277,398217.6,1218812.9460085277,0.13691300823182892,0.085,756678.2860785949,194466.31952219887,211869.92010200658,350342.0464543894,462134.6599299328,0.3791678300131047,25.531173203943077,562211.966556396,189799.12785366608,752011.0944100621,466801.8515984656,0.3829971228375839,18100.8,0.11,1991.088,22,398217.6,400208.68799999997,-356469.5980785949,-0.8907092943434425,420119.56799999997,1240714.9140085275,484036.62792993267,0.390127193978911
LH,FRA,HEL,320 321,50.030241,8.561096,DE,60.318363,24.963341,FI,1538.6978264164823,Medium-haul,250,60,12570.0,23080467.396247234,0.085,1644021.6926346906,351960.0,1995981.6926346906,0.08647925790962219,0.075,1731035.0547185426,444876.00906266546,484689.81532119197,801469.2303346852,264946.63791614794,0.1327400140461304,21.077695936049956,1286159.045655877,434198.9848451615,1720358.0305010385,275623.662133652,0.13808927363949391,12570.0,0.085,1068.45,28,351960.0,353028.45,-1378006.6047185427,-3.9033868367224867,371317.8,2015339.4926346906,284304.437916148,0.14107024595864567
LH,FRA,HKG,346,50.030241,8.561096,DE,22.308901,113.915001,HK,9154.083675325403,Long-haul,300,30,7542.0,82386753.07792862,0.065,4487606.440154772,263970.0,4751576.440154772,0.057674034509653686,0.065,5355138.95006536,1376270.7101667977,1499438.9060183011,2479429.3338802615,-603562.5099105882,-0.1270236346846876,-80.02685095605783,3978868.239898563,1343240.2131227946,5322108.453021358,-570532.0128665855,-0.12007215290595255,7542.0,0.065,490.23,35,263970.0,264460.23,-5090678.720065361,-19.249316693346902,278488.35,4766094.790154772,-589044.1599105885,-0.12359052554459585
LH,FRA,HND,74H,50.030241,8.561096,DE,35.552299,139.779999,JP,9361.515105180939,Long-haul,300,30,7542.0,84253635.94662845,0.065,4589295.550012851,263970.0,4853265.550012851,0.05760303986272135,0.065,5476486.336530849,1407456.9884884283,1533416.174228638,2535613.173813783,-623220.7865179982,-0.12841266979845106,-82.63335806390855,4069029.348042421,1373678.020764706,5442707.368807127,-589441.8187942756,-0.12145262045113416,7542.0,0.065,490.23,35,263970.0,264460.23,-5212026.106530849,-19.70816597463766,278488.35,4867783.900012851,-608702.4365179986,-0.12504713623716773
LH,FRA,HYD,789,50.030241,8.561096,DE,17.231318,78.429855,IN,7117.73962765913,Long-haul,300,30,7542.0,64059656.64893217,0.065,3489329.4976673354,263970.0,3753299.4976673354,0.05859069020985613,0.065,4163877.682180591,1070116.564320412,1165885.7510105656,1927875.3668496134,-410578.1845132555,-0.10939126620948544,-54.43890009457113,3093761.117860179,1044433.766776722,4138194.884636901,-384895.3869695654,-0.1025485408795053,7542.0,0.065,490.23,35,263970.0,264460.23,-3899417.452180591,-14.744816081346489,278488.35,3767817.8476673355,-396059.8345132554,-0.10511650258211312
LH,FRA,IAD,343 74H,50.030241,8.561096,DE,38.9445,-77.455803,US,6550.163447367672,Long-haul,300,30,7542.0,58951471.02630905,0.065,3211086.626803054,263970.0,3475056.626803054,0.058947750858535736,0.065,3831845.616710088,984784.3234944927,1072916.7726788248,1774144.5205367708,-356788.9899070342,-0.10267141754040111,-47.3069464209804,2847061.2932155957,961149.4997306248,3808210.7929462204,-333154.16614316637,-0.09587014023701192,7542.0,0.065,490.23,35,263970.0,264460.23,-3567385.3867100882,-13.489307585908431,278488.35,3489574.976803054,-342270.6399070341,-0.09808376154181464
LH,FRA,IAH,333,50.030241,8.561096,DE,29.984399795532227,-95.34140014648438,US,8402.17278159305,Long-haul,300,30,7542.0,75619555.03433745,0.065,4118997.162720361,263970.0,4382967.162720361,0.05796076373009781,0.065,4915271.077231934,1263224.6668486071,1376275.9016249417,2275770.508758385,-532303.9145115735,-0.12144830083125475,-70.57861502407498,3652046.410383327,1232907.2748442406,4884953.685227567,-501986.52250720654,-0.11453120771172749,7542.0,0.065,490.23,35,263970.0,264460.23,-4650810.847231934,-17.58605007350986,278488.35,4397485.51272036,-517785.5645115739,-0.11774582611217355
LH,FRA,ICN,359,50.030241,8.561096,DE,37.469101,126.450996,KR,8543.876687476062,Long-haul,300,30,7542.0,76894890.18728456,0.065,4188464.66850139,263970.0,4452434.66850139,0.05790286789742566,0.065,4998167.862173497,1284529.1405785887,1399487.0014085793,2314151.720186329,-545733.1936721066,-0.12256961287559794,-72.35921422329709,3713638.7215949083,1253700.4412047025,4967339.162799611,-514904.4942982206,-0.11564560350338128,7542.0,0.065,490.23,35,263970.0,264460.23,-4733707.632173497,-17.89950659943651,278488.35,4466953.01850139,-531214.843672107,-0.11892107247869003
LH,FRA,IKA,343,50.030241,8.561096,DE,35.416099548339844,51.15219879150391,IR,3774.8589986080738,Medium-haul,250,60,12570.0,56622884.979121104,0.085,4033248.0970627964,351960.0,4385208.097062796,0.0774458613099594,0.075,4246716.373434083,1091406.1079725593,1189080.5845615433,1966229.68089998,138491.72362871375,0.03158156250816814,11.017639111273965,3155310.2654615236,1065212.3613812178,4220522.626842741,164685.47022005543,0.037554767430617815,12570.0,0.085,1068.45,28,351960.0,353028.45,-3893687.9234340824,-11.029388491024115,371317.8,4404565.897062796,157849.52362871356,0.035837702810616635
LH,FRA,IST,320 321,50.030241,8.561096,DE,41.261297,28.741951,TR,1838.1615607095443,Medium-haul,250,60,12570.0,27572423.410643164,0.085,1963983.7195401127,351960.0,2315943.7195401127,0.08399492801369578,0.075,2067931.7557982372,531458.461240147,579020.8916235064,957452.4029345837,248011.9637418755,0.10708894246839656,19.73046648702271,1536473.2945580902,518703.45817038347,2055176.7527284736,260766.96681163902,0.1125964178712515,12570.0,0.085,1068.45,28,351960.0,353028.45,-1714903.3057982372,-4.857691514092525,371317.8,2335301.5195401125,267369.7637418753,0.11449046793517612
LH,FRA,JFK,343 744 74H,50.030241,8.561096,DE,40.639447,-73.779317,US,6189.016402922847,Long-haul,300,30,7542.0,55701147.626305625,0.065,3034041.5112048676,263970.0,3298011.5112048676,0.05920904059878538,0.065,3620574.595709866,930487.6710974355,1013760.8867987626,1676326.037813668,-322563.0845049983,-0.09780532402907102,-42.76890539710929,2690086.9246124304,908155.9669910971,3598242.8916035276,-300231.38039865997,-0.09103406079045975,7542.0,0.065,490.23,35,263970.0,264460.23,-3356114.365709866,-12.690431244462982,278488.35,3312529.8612048677,-308044.7345049982,-0.09299379852018994
LH,FRA,JNB,74H,50.030241,8.561096,DE,-26.1392,28.246,ZA,8689.887643189511,Long-haul,300,30,7542.0,78208988.7887056,0.065,4260043.619320794,263970.0,4524013.619320794,0.05784518748277334,0.065,5083584.271265864,1306481.157715327,1423403.5959544422,2353699.517596095,-559570.6519450704,-0.12368898483313599,-74.19393422766778,3777103.1135505373,1275125.6099301593,5052228.723480697,-528215.1041599028,-0.11675807117468527,7542.0,0.065,490.23,35,263970.0,264460.23,-4819124.041265864,-18.222490547126366,278488.35,4538531.969320794,-545052.3019450707,-0.12009440621537357
LH,FRA,KEF,320 321,50.030241,8.561096,DE,63.985001,-22.6056,IS,2401.0636301641202,Medium-haul,250,60,12570.0,36015954.4524618,0.085,2565416.4356488544,351960.0,2917376.4356488544,0.0810023357703753,0.075,2701196.583934635,694207.5220712012,756335.0435016978,1250654.0183617359,216179.85171421943,0.07410077392571343,17.198078895323743,2006989.0618634338,677546.5415414925,2684535.603404926,232840.83224392822,0.07981172035213963,12570.0,0.085,1068.45,28,351960.0,353028.45,-2348168.1339346347,-6.651498296906764,371317.8,2936734.235648854,235537.65171421925,0.0802039383935532
LH,FRA,KRK,319 320 321,50.030241,8.561096,DE,50.077702,19.7848,PL,800.5734563535843,Short-haul,180,120,18100.8,17292386.65723742,0.11,1594012.2020641456,398217.6,1992229.8020641454,0.11520849270568057,0.085,1469852.865865181,377752.1865273515,411558.8024422507,680541.8768955787,522376.9361989645,0.26220716890076173,28.859328659449556,1092100.6793378294,368686.13405069505,1460786.8133885243,531442.9886756211,0.26675787508298193,18100.8,0.11,1991.088,22,398217.6,400208.68799999997,-1069644.1778651811,-2.672716035253041,420119.56799999997,2014131.7700641456,544278.9041989646,0.2702300377207349
LH,FRA,KTW,319 321,50.030241,8.561096,DE,50.476015,19.080705,PL,748.9303801526029,Short-haul,180,120,18100.8,16176896.211296223,0.11,1491186.2927572858,398217.6,1889403.8927572859,0.11679644031083831,0.085,1375036.177960179,353384.29773576604,385010.12982885016,636641.7503955628,514367.7147971068,0.27223809412526856,28.416849796534233,1021651.880224413,344903.07459010766,1366554.9548145207,522848.9379427652,0.2767269295607039,18100.8,0.11,1991.088,22,398217.6,400208.68799999997,-974827.4899601791,-2.435797920409412,420119.56799999997,1911305.8607572857,536269.6827971067,0.2805776374193868
LH,FRA,LAD,343,50.030241,8.561096,DE,-8.85837,13.2312,AO,6563.784053290665,Long-haul,300,30,7542.0,59074056.47961599,0.065,3217763.8564446825,263970.0,3481733.8564446825,0.0589384590111242,0.065,3839813.6711750394,986832.1134919851,1075147.827929011,1777833.729754043,-358079.8147303569,-0.10284525741895863,-47.478097948867266,2852981.5576830544,963148.1427681774,3816129.7004512316,-334395.8440065491,-0.09604290787119844,7542.0,0.065,490.23,35,263970.0,264460.23,-3575353.4411750394,-13.519437085776714,278488.35,3496252.2064446826,-343561.4647303568,-0.09826564116200369
LH,FRA,LAX,343 74H,50.030241,8.561096,DE,33.942501,-118.407997,US,9321.791169519549,Long-haul,300,30,7542.0,83896120.52567594,0.065,4569821.685033569,263970.0,4833791.685033569,0.05761639101720102,0.065,5453247.834168936,1401484.6933814166,1526909.3935673023,2524853.7472202173,-619456.149135367,-0.12815118844557016,-82.13420168859281,4051763.1407875195,1367849.0607402625,5419612.201527782,-585820.5164942127,-0.1211927519152378,7542.0,0.065,490.23,35,263970.0,264460.23,-5188787.604168937,-19.62029453036828,278488.35,4848310.035033569,-604937.7991353674,-0.12477291979352119
LH,FRA,LCA,320 321,50.030241,8.561096,DE,34.875099,33.624901,CY,2636.3706970512408,Medium-haul,250,60,12570.0,39545560.455768615,0.085,2816830.2712643985,351960.0,3168790.2712643985,0.08013011409482144,0.075,2965917.034182646,762240.67778494,830456.7695711409,1373219.586826565,202873.23708175262,0.0640222986423153,16.139477890354225,2203676.3563977056,743946.9015181015,2947623.257915807,221167.0133485915,0.06979540910428961,12570.0,0.085,1068.45,28,351960.0,353028.45,-2612888.5841826457,-7.4013541520028925,371317.8,3188148.0712643983,222231.03708175244,0.06970536879537627
LH,FRA,LEJ,CRK 319 320 321,50.030241,8.561096,DE,51.420657,12.232705,DE,301.1084019262609,Short-haul,180,120,18100.8,6503941.481607236,0.11,599533.3257745549,398217.6,997750.9257745548,0.15340711914400457,0.085,552835.0259366151,142078.60166571007,154793.80726225223,255962.61700865277,444915.89983793977,0.44591880432739384,24.579902536790627,410756.424270905,138668.71522573303,549425.139496638,448325.78627791686,0.4493363771423025,18100.8,0.11,1991.088,22,398217.6,400208.68799999997,-152626.3379366151,-0.3813668781138882,420119.56799999997,1019652.8937745548,466817.86783793976,0.4578203726857202
LH,FRA,LHR,320,50.030241,8.561096,DE,51.4706,-0.461941,GB,654.2195661951149,Short-haul,180,120,18100.8,14131142.629814481,0.11,1302608.727616299,398217.6,1700826.327616299,0.12036014158032939,0.085,1201147.123534231,308694.8107482974,336321.1945895847,556131.1181963489,499679.20408206806,0.2937861414588792,27.60536573422545,892452.3127859336,301286.13529033825,1193738.448076272,507087.8795400271,0.2981420685383608,18100.8,0.11,1991.088,22,398217.6,400208.68799999997,-800938.435534231,-2.0013019695720127,420119.56799999997,1722728.295616299,521581.17208206793,0.3027646166892931
LH,FRA,LIN,CR9 319 320,50.030241,8.561096,DE,45.445099,9.27674,IT,512.6386635806134,Short-haul,180,120,18100.8,11072995.13334125,0.11,1020708.6913913965,398217.6,1418926.2913913964,0.12814295267943812,0.085,941204.5863340063,241889.57868783962,263537.2841735218,435777.72347264487,477721.70505739015,0.3366783094764825,26.392297857409073,699315.0076461666,236084.22879933147,935399.2364454981,483527.05494589836,0.3407696776636316,18100.8,0.11,1991.088,22,398217.6,400208.68799999997,-540995.8983340063,-1.351784492829417,420119.56799999997,1440828.2593913963,499623.67305739,0.34676143378006086
LH,FRA,LIS,321,50.030241,8.561096,DE,38.7813,-9.13592,PT,1873.0973158365064,Medium-haul,250,60,12570.0,28096459.737547595,0.085,2001310.8271055154,351960.0,2353270.8271055156,0.08375684513592463,0.075,2107234.4803160694,541559.2614412298,590025.6544884995,975649.5643863401,246036.3467894462,0.1045507996595814,19.573297278396673,1565675.2188748396,528561.8391666403,2094237.05804148,259033.76906403573,0.11007393032728112,12570.0,0.085,1068.45,28,351960.0,353028.45,-1754206.0303160695,-4.969021704386911,371317.8,2372628.6271055155,265394.146789446,0.11185658967337556
LH,FRA,LJU,CRK,50.030241,8.561096,DE,46.223701,14.4576,SI,608.4892559371909,Short-haul,180,120,18100.8,13143367.928243324,0.11,1211555.6556254697,398217.6,1609773.2556254696,0.12247798771320129,0.085,1117186.2739006826,287116.87239247543,312812.15669219114,517257.244816016,492586.98172478704,0.3059977422307185,27.21354756280314,830069.4015082072,280226.067455056,1110295.468963263,499477.7866622065,0.3102783481566395,18100.8,0.11,1991.088,22,398217.6,400208.68799999997,-716977.5859006826,-1.7915092985204826,420119.56799999997,1631675.2236254697,514488.94972478715,0.31531333091007424
LH,FRA,LOS,333 343,50.030241,8.561096,DE,6.57737,3.32116,NG,4856.392804499085,Long-haul,300,30,7542.0,43707535.24049177,0.065,2380749.4445495866,263970.0,2644719.4445495866,0.06050946204121461,0.065,2840989.7906319653,730134.3761924151,795477.1413769503,1315378.2730625998,-196270.34608237864,-0.07421216132655038,-26.02364705414726,2110855.41443955,712611.1511637971,2823466.5656033475,-178747.12105376087,-0.06758642071548829,7542.0,0.065,490.23,35,263970.0,264460.23,-2576529.5606319653,-9.74259744322224,278488.35,2659237.7945495867,-181751.99608237855,-0.06834740257336148
LH,FRA,LUX,CR9 CRK,50.030241,8.561096,DE,49.6233333,6.2044444,LU,174.98901229595052,Short-haul,180,120,18100.8,3779762.665592531,0.11,348418.5225143195,398217.6,746636.1225143195,0.19753518635204406,0.085,321279.82657536515,82568.91542986885,89958.35144110225,148752.55970439405,425356.29593895434,0.5696969154218715,23.499309198430698,238710.9111454963,80587.261459552,319298.1726050483,427337.9499092712,0.5723510248475494,18100.8,0.11,1991.088,22,398217.6,400208.68799999997,78928.86142463482,0.19721926032908815,420119.56799999997,768538.0905143195,447258.26393895433,0.5819597876269751
LH,FRA,LYS,319 320 321,50.030241,8.561096,DE,45.725996,5.090139,FR,543.9843781620015,Short-haul,180,120,18100.8,11750062.568299232,0.11,1083120.767545823,398217.6,1481338.367545823,0.12607067910790198,0.085,998755.3183054348,256680.11680449673,279651.48912552174,462423.71237541625,482583.0492403883,0.3257750287261498,26.6608685384286,742075.201500938,250519.7940011888,992594.9955021269,488743.37204369623,0.3299336483489669,18100.8,0.11,1991.088,22,398217.6,400208.68799999997,-598546.6303054348,-1.4955862984799442,420119.56799999997,1503240.335545823,504485.0172403882,0.3355983772596222
LH,FRA,MAA,343,50.030241,8.561096,DE,12.990005,80.169296,IN,7594.507626818775,Long-haul,300,30,7542.0,68350568.64136897,0.065,3723055.473895368,263970.0,3987025.473895368,0.0583320015202073,0.065,4442786.961688983,1141796.2491540688,1243980.3492729154,2057010.363261999,-455761.4877936151,-0.1143111552152515,-60.429791539858805,3300990.7125349147,1114393.139174371,4415383.851709286,-428358.3778139176,-0.10743808400988386,7542.0,0.065,490.23,35,263970.0,264460.23,-4178326.7316889833,-15.799452082791365,278488.35,4001543.8238953683,-441243.137793615,-0.11026822576794365
LH,FRA,MAD,319 320 321,50.030241,8.561096,DE,40.471926,-3.56264,ES,1421.324798162518,Short-haul,180,120,18100.8,30700615.640310388,0.11,2829982.7497238116,398217.6,3228200.3497238117,0.10515099721600156,0.085,2609552.329426383,670654.9486625805,730674.6522393874,1208222.7285244153,618648.0202974286,0.19163866962295475,34.177938008122766,1938897.3807638027,654559.2298946785,2593456.6106584813,634743.7390653305,0.19662464230872037,18100.8,0.11,1991.088,22,398217.6,400208.68799999997,-2209343.641426383,-5.520478959283321,420119.56799999997,3250102.3177238116,640549.9882974285,0.1970860993527224
LH,FRA,MAN,319 320 321,50.030241,8.561096,DE,53.349375,-2.279521,GB,832.27595438073,Short-haul,180,120,18100.8,17977160.61462377,0.11,1657134.6654560189,398217.6,2055352.265456019,0.11433130679068775,0.085,1528058.6522430205,392711.07362645626,427856.4226280458,707491.1559885184,527293.6132129985,0.25654658915415085,29.130956267844432,1135347.5786165642,383286.0078594213,1518633.5864759856,536718.6789800334,0.261132209792248,18100.8,0.11,1991.088,22,398217.6,400208.68799999997,-1127849.9642430204,-2.8181546229776515,420119.56799999997,2077254.2334560188,549195.5812129984,0.2643853469487351
LH,FRA,MEX,74H,50.030241,8.561096,DE,19.435137,-99.071328,MX,9551.564594365578,Long-haul,300,30,7542.0,85964081.3492902,0.065,4682463.511095837,263970.0,4946433.511095837,0.05754070110977436,0.065,5587665.287703863,1436029.978939893,1564546.2805570818,2587089.0282068886,-641231.7766080266,-0.12963517556025284,-85.02145009387783,4151635.3087639706,1401565.2594453355,5553200.568209306,-606767.0571134696,-0.12266758579739727,7542.0,0.065,490.23,35,263970.0,264460.23,-5323205.057703864,-20.12856548488922,278488.35,4960951.861095836,-626713.426608027,-0.12632926989732787
LH,FRA,MIA,74H,50.030241,8.561096,DE,25.7932,-80.290604,US,7763.002216529459,Long-haul,300,30,7542.0,69867019.94876513,0.065,3805656.5766092367,263970.0,4069626.5766092367,0.05824817746046095,0.065,4541356.296669734,1167128.5682441215,1271579.7630675256,2102647.9653580864,-471729.72006049706,-0.11591474332604161,-62.54703262536423,3374227.728425612,1139117.4826062627,4513345.211031875,-443718.634422638,-0.10903178118920655,7542.0,0.065,490.23,35,263970.0,264460.23,-4276896.066669734,-16.172171016677005,278488.35,4084144.9266092367,-457211.37006049696,-0.1119478809583003
LH,FRA,MLA,321,50.030241,8.561096,DE,35.857498,14.4775,MT,1646.5501225442595,Medium-haul,250,60,12570.0,24698251.838163894,0.085,1759256.4784324141,351960.0,2111216.478432414,0.08548040129585809,0.075,1852368.887862292,476058.804180609,518663.2886014418,857646.795080241,258847.59057012224,0.12260589722296858,20.592489305498983,1376310.0836816828,464633.3928802744,1840943.4765619573,270273.00187045685,0.1280176640488973,12570.0,0.085,1068.45,28,351960.0,353028.45,-1499340.437862292,-4.2470810436447595,371317.8,2130574.278432414,278205.39057012205,0.1305776538214916
LH,FRA,MRS,319 320 321,50.030241,8.561096,DE,43.438088,5.2125,FR,775.9585299631162,Short-haul,180,120,18100.8,16760704.247203311,0.11,1545001.7175072012,398217.6,1943219.3175072013,0.11593900165808646,0.085,1424659.8610122816,366137.58428015636,398904.7610834389,659617.5156486863,518559.4564949197,0.2668558570939577,28.648427500161304,1058522.2767321253,357350.2822574326,1415872.558989558,527346.7585176434,0.27137789016740216,18100.8,0.11,1991.088,22,398217.6,400208.68799999997,-1024451.1730122817,-2.5597924376201493,420119.56799999997,1965121.2855072012,540461.4244949196,0.27502700646562156
LH,FRA,MXP,319 320 321,50.030241,8.561096,DE,45.6306,8.72811,IT,489.37622793814035,Short-haul,180,120,18100.8,10570526.523463832,0.11,974391.1349328959,398217.6,1372608.7349328957,0.12985244697944417,0.085,898494.7544944258,230913.15190506744,251578.53125843927,416003.07133091916,474113.9804384699,0.3454108722844813,26.192984864672827,667581.6025893583,225371.2362593458,892952.8388487041,479655.8960841916,0.3494483780242307,18100.8,0.11,1991.088,22,398217.6,400208.68799999997,-498286.0664944259,-1.2450655906161285,420119.56799999997,1394510.7029328959,496015.94843847,0.3556917472166138
LH,FRA,NAP,319 320 321,50.030241,8.561096,DE,40.886002,14.2908,IT,1109.844726843625,Short-haul,180,120,18100.8,23972646.0998223,0.11,2209798.5174816195,398217.6,2608016.1174816196,0.1087913326973509,0.085,2037674.9184848957,523682.4540506182,570548.9771757709,943443.4872585067,570341.1989967239,0.21868775855091832,31.509170809948944,1513992.4644342775,511114.0751534034,2025106.539587681,582909.5778939386,0.22350689245617625,18100.8,0.11,1991.088,22,398217.6,400208.68799999997,-1637466.2304848959,-4.09153094268882,420119.56799999997,2629918.0854816195,592243.1669967237,0.225194529923264
LH,FRA,NBO,333,50.030241,8.561096,DE,-1.31923997402,36.9277992249,KE,6316.698754420874,Long-haul,300,30,7542.0,56850288.789787866,0.065,3096635.2303797454,263970.0,3360605.2303797454,0.05911324818078,0.065,3695268.7713362114,949684.0742334063,1034675.2559741393,1710909.4411286658,-334663.540956466,-0.09958430640145416,-44.37331489743649,2745584.697102805,926891.6564518046,3672476.3535546097,-311871.12317486433,-0.09280207039957002,7542.0,0.065,490.23,35,263970.0,264460.23,-3430808.5413362114,-12.972871351341604,278488.35,3375123.5803797455,-320145.1909564659,-0.09485436113140645
LH,FRA,NCE,319 320 321,50.030241,8.561096,DE,43.658401,7.21587,FR,715.8317655786573,Short-haul,180,120,18100.8,15461966.136498997,0.11,1425284.0384624775,398217.6,1823501.6384624774,0.11793465477575849,0.085,1314267.1216024149,337766.6502518206,367994.7940486762,608505.677301918,509234.5168600625,0.27926189158208486,28.133260234910196,976500.4713505942,329660.2506457769,1306160.7219963712,517340.9164661062,0.28370740423480656,18100.8,0.11,1991.088,22,398217.6,400208.68799999997,-914058.4336024149,-2.283954499264681,420119.56799999997,1845403.6064624775,531136.4848600626,0.2878158918732243
LH,FRA,NCL,CR9 CRK,50.030241,8.561096,DE,55.037958,-1.689577,GB,887.7549474122501,Short-haul,180,120,18100.8,19175506.864104602,0.11,1767598.2227331623,398217.6,2165815.8227331624,0.11294699212292739,0.085,1629918.0834488913,418888.9474463651,456377.0633656896,754652.0726368367,535897.7392842711,0.24743458499993423,29.606301339403295,1211029.1360025262,408835.6127076523,1619864.7487101785,545951.0740229839,0.2520764084796546,18100.8,0.11,1991.088,22,398217.6,400208.68799999997,-1229709.3954488914,-3.072670415013308,420119.56799999997,2187717.7907331623,557799.707284271,0.25496876683410685
LH,FRA,NQZ,333 343,50.030241,8.561096,DE,51.027035,71.467094,KZ,4309.3046164019415,Long-haul,300,30,7542.0,38783741.54761747,0.065,2112550.4020987237,263970.0,2376520.4020987237,0.0612762025340156,0.065,2520943.200595136,647882.40255295,705864.0961666381,1167196.7018755479,-144422.7984964121,-0.060770695832811375,-19.149137960277397,1873060.7980421858,632333.2248916791,2505394.022933865,-128873.62083514128,-0.05422786218091458,7542.0,0.065,490.23,35,263970.0,264460.23,-2256482.970595136,-8.532409468883605,278488.35,2391038.752098724,-129904.44849641202,-0.05432971271686373
LH,FRA,NTE,CR9 CRK,50.030241,8.561096,DE,47.153198,-1.61073,FR,812.7752545992754,Short-haul,180,120,18100.8,17555945.49934435,0.11,1618307.056129562,398217.6,2016524.6561295618,0.11486277718308431,0.085,1492255.3674442698,383509.62943317735,417831.5028843956,690914.2351266969,524269.288685292,0.2599865501726886,28.96387389978852,1108745.7380110924,374305.3983267811,1483051.1363378735,533473.5197916883,0.2645509531312235,18100.8,0.11,1991.088,22,398217.6,400208.68799999997,-1092046.6794442697,-2.728693084854444,420119.56799999997,2038426.624129562,546171.2566852921,0.26793765849605466
LH,FRA,NUE,CR9 CRK 319 320 321,50.030241,8.561096,DE,49.498699,11.078056,DE,190.18432462297878,Short-haul,180,120,18100.8,4107981.4118563416,0.11,378673.72654491756,398217.6,776891.3265449175,0.18911753697391995,0.085,349178.42000778904,89738.85394200179,97769.95760218095,161669.6084636063,427712.9065371285,0.5505440618565065,23.62950292457397,259439.56606578725,87585.12144739374,347024.687513181,429866.63903173653,0.5533163060829756,18100.8,0.11,1991.088,22,398217.6,400208.68799999997,51030.267992210924,0.1275091459089237,420119.56799999997,798793.2945449175,449614.8745371285,0.562867612444443
LH,FRA,OPO,321,50.030241,8.561096,DE,41.2481002808,-8.68138980865,PT,1651.9882328697895,Medium-haul,250,60,12570.0,24779823.493046843,0.085,1765066.8274097266,351960.0,2117026.8274097266,0.08543349100140923,0.075,1858486.761978513,477631.09782847785,520376.2933539837,860479.3707960515,258540.06543121347,0.12212413280919467,20.568024298425893,1380855.6641500352,466167.95148059435,1847023.6156306295,270003.2117790971,0.12753887115802762,12570.0,0.085,1068.45,28,351960.0,353028.45,-1505458.3119785131,-4.26441073510793,371317.8,2136384.6274097264,277897.8654312133,0.13007857380445223
LH,FRA,ORD,343 346 74H,50.030241,8.561096,DE,41.9786,-87.9048,US,6970.693706795584,Long-haul,300,30,7542.0,62736243.361160256,0.065,3417243.175882399,263970.0,3681213.175882399,0.05867761565974514,0.065,4077855.818475417,1048008.9453481821,1141799.6291731168,1888047.2439541179,-396642.6425930178,-0.10774780585694856,-52.59117509851734,3029846.8731272346,1022856.7306598257,4052703.6037870604,-371490.4279046613,-0.10091521739042286,7542.0,0.065,490.23,35,263970.0,264460.23,-3813395.588475417,-14.419542736068168,278488.35,3695731.525882399,-382124.2925930177,-0.10339611790436565
LH,FRA,OSL,319 320 321,50.030241,8.561096,DE,60.193901,11.1004,NO,1141.412022975503,Short-haul,180,120,18100.8,24654499.69627087,0.11,2272651.7820022483,398217.6,2670869.3820022484,0.10833192378291223,0.085,2095632.474183024,538577.5458650371,586777.0927712468,970277.83554674,575236.9078192245,0.21537440643690012,31.779640005923746,1557054.9283179867,525651.6847642763,2082706.613082263,588162.7689199855,0.22021397709799737,18100.8,0.11,1991.088,22,398217.6,400208.68799999997,-1695423.7861830238,-4.2363492773126,420119.56799999997,2692771.3500022483,597138.8758192244,0.22175624967887667
LH,FRA,OTP,319 320,50.030241,8.561096,DE,44.572127,26.103396,RO,1450.7782992964433,Short-haul,180,120,18100.8,31336811.264803175,0.11,2888627.2623895565,398217.6,3286844.8623895566,0.1048876618177571,0.085,2663628.95750827,684552.6420796254,745816.1081023157,1233260.207326329,623215.9048812864,0.18960916349066886,34.430296168196236,1979076.3154286447,668123.3786697143,2647199.694098359,639645.1682911976,0.19460765417025847,18100.8,0.11,1991.088,22,398217.6,400208.68799999997,-2263420.26950827,-5.655600034120874,420119.56799999997,3308746.8303895565,645117.8728812863,0.19497347665168238
LH,FRA,PMI,321,50.030241,8.561096,DE,39.551701,2.73881,ES,1251.5086519214753,Short-haul,180,120,18100.8,27032586.88150387,0.11,2491863.8587370263,398217.6,2890081.4587370264,0.10691102081371527,0.085,2297769.884927829,590526.860426452,643375.5677797921,1063867.4567215845,592311.5738091976,0.2049463249620789,32.722950024816456,1707243.0245013768,576354.2157762172,2283597.240277594,606484.2184594325,0.2098502160297128,18100.8,0.11,1991.088,22,398217.6,400208.68799999997,-1897561.1969278287,-4.741429293828396,420119.56799999997,2911983.4267370263,614213.5418091975,0.21092618047536216
LH,FRA,PMO,321,50.030241,8.561096,DE,38.175999,13.091,IT,1366.1917941113147,Short-haul,180,120,18100.8,29509742.7528044,0.11,2720208.086953509,398217.6,3118425.686953509,0.10567444498163767,0.085,2508328.133988374,644640.3304350121,702331.8775167448,1161355.926036617,610097.5529651353,0.19564280640631823,33.705557376753255,1863687.803553362,629168.9625045718,2492856.7660579337,625568.9208955755,0.20060408157640403,18100.8,0.11,1991.088,22,398217.6,400208.68799999997,-2108119.445988374,-5.267550428561346,420119.56799999997,3140327.654953509,631999.5209651352,0.20125273232817853
LH,FRA,POZ,CR9 319,50.030241,8.561096,DE,52.421598,16.823359,PL,633.3360214420135,Short-haul,180,120,18100.8,13680058.06314749,0.11,1261027.7522609355,398217.6,1659245.3522609356,0.1212893501330051,0.085,1162804.9353675367,298840.86838945694,325585.3819029103,538378.6850751694,496440.41689339885,0.2991965089532629,27.426435124049704,863964.0669780797,291668.68754810997,1155632.7545261898,503612.5977347458,0.3035190648860392,18100.8,0.11,1991.088,22,398217.6,400208.68799999997,-762596.2473675368,-1.905496482793839,420119.56799999997,1681147.3202609355,518342.38489339873,0.3083265687940694
LH,FRA,PRG,CR9 319 320 321,50.030241,8.561096,DE,50.100874,14.259911,CZ,406.74260910835625,Short-haul,180,120,18100.8,8785640.356740495,0.11,809860.3280843388,398217.6,1208077.9280843388,0.13750596189126732,0.085,746779.4303229421,191922.31359299613,209098.2404904238,345758.8762395222,461298.4977613967,0.381844984530826,25.484978440809066,554857.116729946,187316.17806676423,742173.2947967103,465904.63328762853,0.38565776466623986,18100.8,0.11,1991.088,22,398217.6,400208.68799999997,-346570.7423229421,-0.8659750592994176,420119.56799999997,1229979.896084339,483200.4657613968,0.3928523281556661
LH,FRA,PVG,346 359,50.030241,8.561096,DE,31.1434,121.805,CN,8858.473537540825,Long-haul,300,30,7542.0,79726261.83786742,0.065,4342689.482308639,263970.0,4606659.482308639,0.05778095418140655,0.065,5182207.019461383,1331827.2040015755,1451017.9654491874,2399361.8500106204,-575547.5371527439,-0.12493815515626233,-76.31232261372897,3850379.8154598074,1299863.3511055377,5150243.166565346,-543583.6842567064,-0.11799953661525858,7542.0,0.065,490.23,35,263970.0,264460.23,-4917746.789461384,-18.595411451700635,278488.35,4621177.832308639,-561029.1871527443,-0.12140393802427343
LH,FRA,RDU,333,50.030241,8.561096,DE,35.877602,-78.787498,US,6866.9960917763365,Long-haul,300,30,7542.0,61802964.825987026,0.065,3366407.4940715134,263970.0,3630377.4940715134,0.05874115431667779,0.065,4017192.713689157,1032418.5274181133,1124813.959832964,1859960.2264380795,-386815.2196176434,-0.10654958616543904,-51.28814898139,2984774.1862710435,1007640.4827600786,3992414.6690311222,-362037.1749596088,-0.09972438831797066,7542.0,0.065,490.23,35,263970.0,264460.23,-3752732.483689157,-14.190158133376642,278488.35,3644895.8440715135,-372296.8696176433,-0.1021419775885203
LH,FRA,RIX,319 320,50.030241,8.561096,DE,56.920752,23.970711,LV,1270.7820317125743,Short-haul,180,120,18100.8,27448891.884991605,0.11,2530238.8539585257,398217.6,2928456.453958526,0.10668760204340837,0.085,2333155.8102242867,599621.0432276417,653283.6268628003,1080251.1401338447,595300.643734239,0.20328137129358523,32.88808471085472,1733534.7669966451,585230.1381901783,2318764.9051868236,609691.5487717022,0.2081955317954463,18100.8,0.11,1991.088,22,398217.6,400208.68799999997,-1932947.1222242867,-4.829847977274014,420119.56799999997,2950358.4219585257,617202.6117342389,0.20919580724179387
LH,FRA,RMO,319,50.030241,8.561096,DE,46.9277,28.931,MD,1535.39599486617,Medium-haul,250,60,12570.0,23030939.92299255,0.085,1640493.8507147594,351960.0,1992453.8507147594,0.08651205106595006,0.075,1727320.4942244412,443921.3670156814,483649.7383828436,799749.3888259162,265133.3564903182,0.13306875659639797,21.092550237893253,1283399.1272087598,433267.254207305,1716666.3814160647,275787.46929869475,0.1384159885057115,12570.0,0.085,1068.45,28,351960.0,353028.45,-1374292.0442244413,-3.8928648504800143,371317.8,2011811.6507147595,284491.15649031824,0.14141043292459501
LH,FRA,RUH,343,50.030241,8.561096,DE,24.9576,46.698799,SA,4292.883188863007,Long-haul,300,30,7542.0,38635948.69976706,0.065,2104500.1256763116,263970.0,2368470.1256763116,0.06130223808094536,0.065,2511336.665484859,645413.5230296088,703174.2663357606,1162748.8761194898,-142866.5398085476,-0.06032017810136083,-18.942792337383665,1865923.1424552503,629923.5984768982,2495846.7409321484,-127376.61525583686,-0.053780123242831594,7542.0,0.065,490.23,35,263970.0,264460.23,-2246876.435484859,-8.496084403635509,278488.35,2382988.4756763116,-128348.1898085475,-0.053860180659128544
LH,FRA,SEA,343,50.030241,8.561096,DE,47.447943,-122.310276,US,8197.503023159834,Long-haul,300,30,7542.0,73777527.2084385,0.065,4018661.9070436456,263970.0,4282631.907043645,0.0580479187780884,0.065,4795539.268548503,1232453.5920169652,1342750.9951935809,2220334.6813379563,-512907.3615048574,-0.11976452159273335,-68.00681006428765,3563085.6765315374,1202874.705808558,4765960.382340096,-483328.4752964508,-0.11285781402354948,7542.0,0.065,490.23,35,263970.0,264460.23,-4531079.038548503,-17.13330975530235,278488.35,4297150.257043646,-498389.01150485687,-0.11598128566435995
LH,FRA,SFO,74H,50.030241,8.561096,DE,37.619806,-122.374821,US,9148.488087608852,Long-haul,300,30,7542.0,82336392.78847967,0.065,4484863.315188487,263970.0,4748833.315188487,0.05767599422758454,0.065,5351865.531251179,1375429.4415315532,1498522.3487503303,2477913.7409692956,-603032.216062692,-0.12698534061702624,-79.95653885742402,3976436.089719626,1342419.1349347958,5318855.224654422,-570021.9094659351,-0.1200340950361005,7542.0,0.065,490.23,35,263970.0,264460.23,-5087405.301251179,-19.236938957707096,278488.35,4763351.665188487,-588513.8660626924,-0.1235503711312494
LH,FRA,SIN,744,50.030241,8.561096,DE,1.35019,103.994003,SG,10279.95893889704,Long-haul,300,30,7542.0,92519630.45007336,0.065,5039544.270615496,263970.0,5303514.270615496,0.05732312423661751,0.065,6013775.979254769,1545540.4266684756,1683857.2741913355,2784378.278394958,-710261.7086392734,-0.13392284292973997,-94.1741857119164,4468235.552586294,1508447.4564284321,5976683.009014726,-673168.73839923,-0.12692880683454932,7542.0,0.065,490.23,35,263970.0,264460.23,-5749315.749254769,-21.739812255531838,278488.35,5318032.620615495,-695743.3586392738,-0.13082720778022422
LH,FRA,SJJ,319 320,50.030241,8.561096,DE,43.8246,18.331499,BA,1011.6959756727466,Short-haul,180,120,18100.8,21852633.074531328,0.11,2014375.7168102977,398217.6,2412593.316810298,0.11040286580485864,0.085,1857473.811335163,477370.7695131369,520092.6671738457,860010.3746481804,555119.5054751348,0.23009244931883555,30.66823043595503,1380103.041822026,465913.8710448216,1846016.9128668476,566576.4039434502,0.234841239091437,18100.8,0.11,1991.088,22,398217.6,400208.68799999997,-1457265.123335163,-3.641263088559345,420119.56799999997,2434495.2848102977,577021.4734751347,0.2370189324560954
LH,FRA,SJO,343,50.030241,8.561096,DE,9.99386,-84.208801,CR,9353.827422545155,Long-haul,300,30,7542.0,84184446.8029064,0.065,4585526.817354311,263970.0,4849496.817354311,0.05760561483177539,0.065,5471989.042188915,1406301.1838425512,1532156.9318128964,2533530.9265334676,-622492.2248346042,-0.12836222978989617,-82.53675746945163,4065687.858346364,1372549.95543033,5438237.813776694,-588740.996422383,-0.12140249155655208,7542.0,0.065,490.23,35,263970.0,264460.23,-5207528.812188916,-19.69116041451267,278488.35,4864015.167354311,-607973.8748346046,-0.12499423910417214
LH,FRA,SKG,320 321,50.030241,8.561096,DE,40.51928,22.970009,GR,1540.9137838184204,Medium-haul,250,60,12570.0,23113706.757276304,0.085,1646389.3323207912,351960.0,1998349.3323207912,0.08645732825574165,0.075,1733528.0067957228,445516.6977465008,485387.8419028024,802623.4671464196,264821.32552506845,0.1325200360326976,21.067726772081816,1288011.309049222,434824.2970005848,1722835.6060498068,275513.7262709844,0.13787065245044788,12570.0,0.085,1068.45,28,351960.0,353028.45,-1380499.5567957228,-3.910448454779559,371317.8,2017707.1323207913,284179.1255250685,0.14084260345464616
LH,FRA,SKP,319 320 321,50.030241,8.561096,DE,41.958087,21.622581,MK,1346.982630030472,Short-haul,180,120,18100.8,29094824.808658194,0.11,2681960.950862112,398217.6,3080178.550862112,0.10586688770662389,0.085,2473060.1087359465,635576.4479451382,692456.830446065,1145026.830344743,607118.4421261656,0.19710495093092542,33.54097289214651,1837483.6607908083,620322.6131944549,2457806.273985263,622372.2768768491,0.20205720759358356,18100.8,0.11,1991.088,22,398217.6,400208.68799999997,-2072851.4207359464,-5.179426341528964,420119.56799999997,3102080.518862112,629020.4101261655,0.20277372115308576
LH,FRA,SOF,319 320 321,50.030241,8.561096,DE,42.696357,23.417671,BG,1397.5598281267153,Short-haul,180,120,18100.8,30187292.28753705,0.11,2782664.603065165,398217.6,3180882.2030651653,0.10537156405970223,0.085,2565919.8444406493,659441.4000212469,718457.5564433818,1188020.8879760206,614962.358624516,0.1933307552325972,33.974319291109566,1906478.4444194024,643614.806420737,2550093.2508401396,630788.9522250257,0.19830629113432247,18100.8,0.11,1991.088,22,398217.6,400208.68799999997,-2165711.156440649,-5.411454626993629,420119.56799999997,3202784.171065165,636864.3266245159,0.1988470944680331
LH,FRA,STL,333,50.030241,8.561096,DE,38.748697,-90.370003,US,7372.512220425401,Long-haul,300,30,7542.0,66352609.98382861,0.065,3614226.665819145,263970.0,3878196.665819145,0.05844829113375246,0.065,4312919.64894886,1108420.349779857,1207617.501705681,1996881.7974633223,-434722.98312971555,-0.11209410470623832,-57.640278855703464,3204499.299169003,1081818.2613851405,4286317.560554143,-408120.89473499823,-0.10523470826841004,7542.0,0.065,490.23,35,263970.0,264460.23,-4048459.4189488604,-15.308386515994714,278488.35,3892715.015819145,-420204.63312971545,-0.10794641565644941
LH,FRA,STR,CR9 319 320,50.030241,8.561096,DE,48.689899,9.22196,DE,156.53372581900243,Short-haul,180,120,18100.8,3381128.4776904522,0.11,311672.4230735059,398217.6,709890.0230735058,0.2099565360374624,0.085,287395.92060368846,73860.75159514793,80470.85776903278,133064.31123950775,422494.1024698174,0.5951543038182269,23.341183951527967,213535.1690085405,72088.09355686438,285623.2625654049,424266.76050810097,0.5976513920722761,18100.8,0.11,1991.088,22,398217.6,400208.68799999997,112812.76739631151,0.28188485352499776,420119.56799999997,731791.991073506,444396.0704698175,0.6072710222175408
LH,FRA,SVG,319 320,50.030241,8.561096,DE,58.876701,5.63778,NO,1001.42285255709,Short-haul,180,120,18100.8,21630733.615233142,0.11,1993921.0246521912,398217.6,2392138.624652191,0.11058980556108189,0.085,1838612.3572948172,472523.37582476804,514811.4600425489,851277.5214275003,553526.2673573738,0.23139389233257948,30.580210120954536,1366088.9814700491,461182.8148049736,1827271.7962750227,564866.8283771684,0.23613465480467216,18100.8,0.11,1991.088,22,398217.6,400208.68799999997,-1438403.6692948174,-3.594134041624847,420119.56799999997,2414040.5926521914,575428.2353573742,0.23836725741433312
LH,FRA,SVQ,320 321,50.030241,8.561096,DE,37.417999,-5.89311,ES,1814.3868725046289,Medium-haul,250,60,12570.0,27215803.087569434,0.085,1938581.6539275707,351960.0,2290541.6539275707,0.08416219233206293,0.075,2041185.2315677074,524584.6045129008,571531.8648389581,945068.7622158484,249356.4223598633,0.10886351790734482,19.83742421319517,1516600.6270548066,511994.5740045912,2028595.2010593978,261946.4528681729,0.1143600477288923,12570.0,0.085,1068.45,28,351960.0,353028.45,-1688156.7815677074,-4.781928429756037,371317.8,2309899.4539275705,268714.2223598631,0.11633156668484539
LH,FRA,SZG,CR9 319,50.030241,8.561096,DE,47.793301,13.0043,AT,408.91132494684115,Short-haul,180,120,18100.8,8832484.61885177,0.11,814178.432165756,398217.6,1212396.032165756,0.13726556959726338,0.085,750761.1926024004,192945.6264988169,210213.13392867215,347602.4321749114,461634.83956335555,0.38076241369638686,25.50356003952066,557815.5661035836,188314.9314628453,746130.4975664289,466265.53459932713,0.38458187112870756,18100.8,0.11,1991.088,22,398217.6,400208.68799999997,-350552.50460240047,-0.8759242742936167,420119.56799999997,1234298.0001657559,483536.8075633554,0.3917504585589708
LH,FRA,TIA,320 321,50.030241,8.561096,DE,41.4147,19.7206,AL,1288.8562545277537,Short-haul,180,120,18100.8,27839295.09779948,0.11,2566226.222115156,398217.6,2964443.822115156,0.10648415528126919,0.085,2366340.083312956,608149.4014114297,662575.2233276278,1095615.4585738985,598103.7388021997,0.20175917463514206,33.04294499702774,1758190.6819015264,593553.8157775555,2351744.4976790817,612699.3244360741,0.20668272404599253,18100.8,0.11,1991.088,22,398217.6,400208.68799999997,-1966131.395312956,-4.912765400317737,420119.56799999997,2986345.7901151557,620005.7068021996,0.20761350170982434
LH,FRA,TLL,319 320 321,50.030241,8.561096,DE,59.413246,24.83264,EE,1469.204489640999,Short-haul,180,120,18100.8,31734816.976245582,0.11,2925315.4288703175,398217.6,3323533.0288703176,0.10472828727381907,0.085,2697459.442980875,693247.0768460848,755288.644034645,1248923.722100145,626073.5858894428,0.18837591817230948,34.58817211888109,2004212.36613479,676609.1470017787,2680821.5131365685,642711.5157337491,0.19338201550902276,18100.8,0.11,1991.088,22,398217.6,400208.68799999997,-2297250.7549808747,-5.740132145709128,420119.56799999997,3345434.9968703175,647975.5538894427,0.19368947670351666
LH,FRA,TLS,CR9 319 320,50.030241,8.561096,DE,43.629101,1.36382,FR,897.1279145754769,Short-haul,180,120,18100.8,19377962.9548303,0.11,1786260.6251762572,398217.6,2184478.225176257,0.11273002380426872,0.085,1647126.8511605756,423311.60074826796,461195.51832496125,762619.7320873465,537351.3740156814,0.24598614342897587,29.68660910101661,1223815.2504123077,413152.12233030953,1636967.3727426173,547510.8524336398,0.2506369008963059,18100.8,0.11,1991.088,22,398217.6,400208.68799999997,-1246918.1631605756,-3.1156699006008974,420119.56799999997,2206380.1931762574,559253.3420156818,0.2534709764642116
LH,FRA,TLV,321,50.030241,8.561096,DE,32.011398,34.8867,IL,2953.393422523021,Medium-haul,250,60,12570.0,44300901.33784531,0.085,3155553.202294722,351960.0,3507513.202294722,0.0791747593473528,0.075,3322567.600338398,853899.8732869683,930318.9280947516,1538348.7989566782,184945.6019563242,0.05272841220820698,14.713253934472887,2468667.72705143,833406.276328081,3302074.0033795107,205439.19891521148,0.058571183361706775,12570.0,0.085,1068.45,28,351960.0,353028.45,-2969539.150338398,-8.41161427737169,371317.8,3526871.002294722,204303.401956324,0.05792766501054224
LH,FRA,TUN,319 320,50.030241,8.561096,DE,36.851002,10.2272,TN,1471.524689117323,Short-haul,180,120,18100.8,31784933.284934178,0.11,2929935.1502052327,398217.6,3328152.7502052328,0.1047085019927587,0.085,2701719.3292194055,694341.8676093873,756481.4121814336,1250896.0494285848,626433.4209858272,0.1882225570768042,34.608051632294,2007377.4616100183,677677.662786762,2685055.1243967805,643097.6258084523,0.19322960034475437,18100.8,0.11,1991.088,22,398217.6,400208.68799999997,-2301510.6412194055,-5.750776308033087,420119.56799999997,3350054.7182052326,648335.3889858271,0.19352979086060065
LH,FRA,VCE,319 320 321,50.030241,8.561096,DE,45.505299,12.3519,IT,577.2520268320416,Short-haul,180,120,18100.8,12468643.779572098,0.11,1149359.583600956,398217.6,1547577.183600956,0.12411752320139395,0.085,1059834.7212636285,272377.52336475253,296753.721953816,490703.47594505997,487742.46233732766,0.3151651933782273,26.945906387415345,787457.1978988759,265840.46280399844,1053297.6607028744,494279.5228980817,0.31938925446547034,18100.8,0.11,1991.088,22,398217.6,400208.68799999997,-659626.0332636285,-1.6482051815517522,420119.56799999997,1569479.151600956,509644.43033732753,0.324722013553007
LH,FRA,VIE,CR9 319 320 321,50.030241,8.561096,DE,48.110298,16.5697,AT,620.8581496152935,Short-haul,180,120,18100.8,13410536.03169034,0.11,1236183.2114012155,398217.6,1634400.8114012154,0.12187438351002336,0.085,1139895.562693679,292953.1596122755,319170.75755423016,527771.6455271733,494505.2487075364,0.3025605746509535,27.31952447999737,846942.4030814035,285922.28378158086,1132864.6868629842,501536.1245382312,0.30686238102650654,18100.8,0.11,1991.088,22,398217.6,400208.68799999997,-739686.874693679,-1.8482529162227461,420119.56799999997,1656302.7794012155,516407.2167075365,0.31178310097035966
LH,FRA,VLC,320 321,50.030241,8.561096,DE,39.4893,-0.481625,ES,1370.1675649633723,Short-haul,180,120,18100.8,29595619.403208844,0.11,2728124.1965877907,398217.6,3126341.796587791,0.10563528858763549,0.085,2515627.649272752,646516.3058630973,704375.7417963706,1164735.601613284,610714.1473150388,0.1953446510492217,33.73962185732337,1869111.3434096547,630999.914522383,2500111.2579320376,626230.5386557532,0.2003077652415501,18100.8,0.11,1991.088,22,398217.6,400208.68799999997,-2115418.961272752,-5.285789700979086,420119.56799999997,3148243.7645877907,632616.1153150387,0.20094254531077238
LH,FRA,VNO,319 320 321,50.030241,8.561096,DE,54.634102,25.285801,LT,1242.4195075942146,Short-haul,180,120,18100.8,26836261.364035036,0.11,2473766.5725367493,398217.6,2871984.1725367494,0.10701878825735675,0.085,2281082.2159429784,586238.1294973454,638703.020464034,1056141.065981599,590901.956593771,0.2057469404755955,32.64507406268071,1694844.0864456329,572168.4143894091,2267012.500835042,604971.6717017074,0.21064589334674208,18100.8,0.11,1991.088,22,398217.6,400208.68799999997,-1880873.5279429783,-4.699731875743233,420119.56799999997,2893886.1405367493,612803.9245937709,0.2117581324329885
LH,FRA,YVR,744,50.030241,8.561096,DE,49.193901062,-123.183998108,CA,8062.431129408932,Long-haul,300,30,7542.0,72561880.16468039,0.065,3952445.6125701405,263970.0,4216415.6125701405,0.0581078605322921,0.065,4716522.210704226,1212146.208150986,1320626.2189971835,2183749.7835560567,-500106.59813408554,-0.11860941711797776,-66.30954629197633,3504376.00255324,1183054.6991553623,4687430.701708602,-471015.0891384613,-0.11170983423319394,7542.0,0.065,490.23,35,263970.0,264460.23,-4452061.980704226,-16.834523590576268,278488.35,4230933.96257014,-485588.2481340859,-0.11477093531356101
LH,FRA,YYZ,744,50.030241,8.561096,DE,43.6772,-79.6306,CA,6343.562982644252,Long-haul,300,30,7542.0,57092066.843798265,0.065,3109804.8809816916,263970.0,3373774.8809816916,0.05909358458176356,0.065,3710984.3448468875,953722.9766256501,1039075.6165571286,1718185.7516641088,-337209.46386519587,-0.09995019696366807,-44.71088091556562,2757261.3682212373,930833.6251866345,3688094.9934078716,-314320.1124261799,-0.09316570414879606,7542.0,0.065,490.23,35,263970.0,264460.23,-3446524.1148468875,-13.032296443389193,278488.35,3388293.2309816917,-322691.1138651958,-0.09523706830170137
LH,FRA,WAW,319 320 321,50.030241,8.561096,DE,52.165699,20.9671,PL,896.9956502676364,Short-haul,180,120,18100.8,19375106.045780946,0.11,1785997.2753000876,398217.6,2184214.8753000875,0.11273305395795315,0.085,1646884.0138913805,423249.1915700848,461127.52388958656,762507.2984317092,537330.861408707,0.24600641058031597,29.685475857901697,1223634.8223212957,413091.2109724027,1636726.0332936984,547488.842006389,0.2506570430398566,18100.8,0.11,1991.088,22,398217.6,400208.68799999997,-1246675.3258913807,-3.115063123995401,420119.56799999997,2206116.8433000874,559232.8294087069,0.25349193589046776
LH,FRA,ZAG,319 320,50.030241,8.561096,DE,45.742901,16.0688,HR,734.6776454867546,Short-haul,180,120,18100.8,15869037.1425139,0.11,1462807.8437969312,398217.6,1861025.4437969313,0.11727399886229747,0.085,1348868.1571136815,346659.1163782162,377683.0839918309,624525.9567436345,512157.28668324975,0.27520165744662145,28.29473209378866,1002209.0407354654,338339.297585139,1340548.3383206043,520477.105476327,0.2796722136234907,18100.8,0.11,1991.088,22,398217.6,400208.68799999997,-948659.4691136816,-2.3704119814452445,420119.56799999997,1882927.4117969312,534059.2546832496,0.2836324179770593
LH,FRA,ZRH,CR9 CRK 319 320 321,50.030241,8.561096,DE,47.458056,8.548056,CH,286.0155192880608,Short-haul,180,120,18100.8,6177935.216622112,0.11,569482.0682682263,398217.6,967699.6682682263,0.1566380407590826,0.085,525124.4934128795,134956.99480711005,147034.85815560629,243132.6404501632,442575.1748553468,0.4573476558562528,24.450586430176944,390167.4986057695,131718.0269317394,521885.5255375089,445814.14273071743,0.46069473551493145,18100.8,0.11,1991.088,22,398217.6,400208.68799999997,-124915.80541287956,-0.31212667080550627,420119.56799999997,989601.6362682263,464477.1428553468,0.4693576948870896
LH,MUC,FRA,319 320 321,48.353802,11.7861,DE,50.030241,8.561096,DE,299.4069223796253,Short-haul,180,120,18100.8,6467189.523399907,0.11,596145.5302670033,398217.6,994363.1302670033,0.15375506263874736,0.085,549711.1094889921,141275.755138671,153919.11065691782,254516.24369340335,444652.0207780112,0.44717267489454743,24.565324227548572,408435.35435032117,137885.1370153429,546320.491365664,448042.63890133926,0.45058251383579784,18100.8,0.11,1991.088,22,398217.6,400208.68799999997,-149502.42148899217,-0.3735611593944012,420119.56799999997,1016265.0982670033,466553.9887780112,0.45908689531265734
